customer_tweet_id,customer_text,intent,escalate,escalation_reason,notes,reply_text,evaluation
2789083,bravo les mecs. J'ai ma livraison prime en point relais parce que le livreur a pas sonné. À quoi ça sert de proposer un service payant si vous êtes pas capable de le réaliser?,subscription_membership,False,routine support request,assistant-reviewed first pass; human audit recommended,"Bonsoir, je suis désolé d'apprendre cela. Avez-vous contacté notre service client afin de remonter l'information au service concerné ^ME",assistant_reviewed
2469471,Jajajajajajaja era una broma pero muchas gracias 😂👌🏻👌🏻,general_support,False,routine support request,assistant-reviewed first pass; human audit recommended,"Vale Berges 😂, igualmente estamos para ayudarte en caso de que tengas alguna consulta. ¡Saludos! ^FZ",assistant_reviewed
210328,WHERE IS MY PACKAGE,delivery_tracking,False,routine support request,assistant-reviewed first pass; human audit recommended,"Hey, we'd like to help out! Most deliveries are made until 8 PM. What does the tracking say here: https://t.co/Y5jpI9gRhE? ^WJ",assistant_reviewed
2805067,Do you guys see this? It's 8:40 btw. Rep says delivery stopped at 8PM. #HowSway https://t.co/citMeHV6zQ,delivery_tracking,False,routine support request,assistant-reviewed first pass; human audit recommended,Thanks for keeping us updated. Please let us know if you continue to have delivery trouble in the future. ^LI,assistant_reviewed
2402448,Done yesterday! No reply yet? Shall I expect same service here too?,general_support,True,"repeated, delayed, or formal complaint",assistant-reviewed first pass; human audit recommended,"If you've shared your details in the link provided earlier by ^PJ, you should've received an email from our team here: https://t.co/NTkrxpsbHJ please check. ^KA",assistant_reviewed
2773034,Unable to apply hdfc instant 1500 discount on amazon.in after it applied on first order but cancelled.,delivery_tracking,False,routine support request,assistant-reviewed first pass; human audit recommended,"If you weren't able to avail the instant discount, you may still go ahead and complete the transaction or try purchasing again, Amit. You'd then receive a cash back of Rs. 1500. Please refer to this page for more information: https://t.co/echUdqV9QD ^JC",assistant_reviewed
1031879,will the new fire tv with 4k support work in India for Amazon prime and Netflix if bought from the USA?,technical_issue,False,routine support request,assistant-reviewed first pass; human audit recommended,"You might want to check with our Fire TV support team here: https://t.co/vMxZIAf2qu for details on this, Apurva. ^JC",assistant_reviewed
1020916,tengo un error a la hora de registrar pueden ayudarme...,technical_issue,False,routine support request,assistant-reviewed first pass; human audit recommended,"Hola, Shelomo. Por favor contáctanos a través del siguiente enlace: https://t.co/nVlEtq7hsw. ^JQ",assistant_reviewed
575983,. Com I suppose. I was using Amazon application in my android.,technical_issue,False,routine support request,assistant-reviewed first pass; human audit recommended,What was the delivery date we gave at the checkout and in the confirmation email?^SM,assistant_reviewed
181155,why are your german department blocking honest users?,general_support,False,routine support request,assistant-reviewed first pass; human audit recommended,"Can you tell us, what happened? ^UK",assistant_reviewed
427300,what is up with your delivery service? Drivers suddenly ignoring my safe place instruction - after 2 yrs of #prime membership! 😡,delivery_tracking,False,routine support request,assistant-reviewed first pass; human audit recommended,Apologies - We would like to escalate this with the carrier. Please reach out : https://t.co/JzP7hlA23B ^TP,assistant_reviewed
230948,なんでーーーあまぞんぬちゃんなんでーーーー なんで昨日注文した商品の配達予定が17日から31日なのなんでなんでーーーーーーー,general_support,False,routine support request,assistant-reviewed first pass; human audit recommended,アマゾンです。お届け予定日は商品の発送元や、在庫状況、お支払方法など様々な情報を元に計算されております。https://t.co/qwo84RClom ET,assistant_reviewed
1467714,welcome to Amazon https://t.co/B3KMd1Ae2d,general_support,False,routine support request,assistant-reviewed first pass; human audit recommended,I would like one of our team members to look into this for you. Please fill out this form: https://t.co/tkLCr7DNil ^BA,assistant_reviewed
2896000,your order dates are really messed up right now. https://t.co/Pvi8Ir0SpS,delivery_tracking,False,routine support request,assistant-reviewed first pass; human audit recommended,"I'm sorry to see there's a problem with your delivery! Have you been able to contact the carrier for additional insight? If so, what information was provided? ^CS",assistant_reviewed
969378,You services are getting worst day by day. Customer care is helpless. Courier boys are not supportive at all. Frustrating,general_support,False,routine support request,assistant-reviewed first pass; human audit recommended,"I'm sorry to see you upset, write to us here: https://t.co/GIJyeYqKE0 &amp; we'll be glad to help you. ^MJ",assistant_reviewed
567575,none of the issue options seem to fit my problem,technical_issue,False,routine support request,assistant-reviewed first pass; human audit recommended,"You can just choose the options closest to yours to be routed to the correct team. So, select Devices &gt; Fire TV Stick &gt; I am having problems streaming videos. Then, choose phone or chat. 😊 ^AM",assistant_reviewed
248705,What Service Standard Not able to deliver the product even after 12 days and refund the amount as a favour !! Pathetic !,delivery_tracking,False,routine support request,assistant-reviewed first pass; human audit recommended,That's rather strange. Please report this to our support team here: https://t.co/vlvfJr4nN9 ^JC,assistant_reviewed
231548,Ok it's just that in products on site price is 475 and when it comes to yours it jumped 500rs,payment_billing,True,financial or refund request,assistant-reviewed first pass; human audit recommended,The price mentioned on our website is the best we can currently offer. I'll surely pass on your feedback to the concerned team. ^MP,assistant_reviewed
2964013,"Trying to do some holiday shopping and has screwed up 1/2 the deliveries. I'm done. ""Prime"" is a joke. Off to the mall I go. I'd rather deal with idiot people in person than idiot people who sit behind ""noreply"" email addresses. 😠",delivery_tracking,False,routine support request,assistant-reviewed first pass; human audit recommended,"I'm so sorry to hear this, Jordy! We like our customers to have a great experience with us, and it seems we've let you down! Without posting personal account information, tell us more about your situation. We're here to help! ^FR",assistant_reviewed
652079,*sigh* another simple issue another ball dropped three times. No simple solutions even to simple problems with amazon customer support. No progress from last time,technical_issue,False,routine support request,assistant-reviewed first pass; human audit recommended,"I'm sorry to hear this. Without posting personal or account information, can you tell us more about the issue? ^LI",assistant_reviewed
1131303,Your team has been working on it for 2 weeks.that shows your efficiency &amp; customer consciousness is better,subscription_membership,True,"repeated, delayed, or formal complaint",assistant-reviewed first pass; human audit recommended,I understand there has been a long delay. We'll get this checked and get back to you soon. Appreciate your understanding. ^HD,assistant_reviewed
805619,Thank you for early delivery. Now please make sure that next delivery do not get late under any reasons. As I'm living Ahd on 16,delivery_tracking,False,routine support request,assistant-reviewed first pass; human audit recommended,"We will ensure to meet the promised estimated date on the order. Thanks for keeping us posted, nonetheless. ^CB",assistant_reviewed
1366939,HELLO AMAZON WHERE IS MY MARIO GAME.,general_support,False,routine support request,assistant-reviewed first pass; human audit recommended,I'm sorry your game hasn't arrived. Can you please tell us the intended delivery date stated in your order confirmation e-mail? ^AC,assistant_reviewed
2740661,Well the price under related is 6+k although when I click and visit the page it says 9+k ... isn’t that false advertising,delivery_tracking,False,routine support request,assistant-reviewed first pass; human audit recommended,"That's strange, Stanley. Could you share the link to the product on the website so that we can check and assist you accordingly? ^NK",assistant_reviewed
517690,"Not having delays, you guys are starting to false advertise. Posting two day delivery but really it’s 3-7, transport to USPS might save you money but aggravates clients like myself.",delivery_tracking,False,routine support request,assistant-reviewed first pass; human audit recommended,I certainly understand your concern! We strive to meet the date given in check out. Our two-day shipping refers to transit time as some items may need additional processing time. You can view more information here: https://t.co/RZbR8qrxUK. We hope this helps. ^HC,assistant_reviewed
2171081,Can you please help ! not providing any help/support. https://t.co/KPmVQ7aW2c,general_support,False,routine support request,assistant-reviewed first pass; human audit recommended,"My apologies, Shiv. Could you please let us know how may we help you ? ^KS",assistant_reviewed
2891937,"I’m in the Uk, is this only available in the US?",general_support,False,routine support request,assistant-reviewed first pass; human audit recommended,Correct! It appears only https://t.co/nUUp5MLhYl has this show available on Prime.,assistant_reviewed
1434048,He's wanted to finish early for Halloween so said he couldn't find an address. Never happened before with any Amazon deliveries.,delivery_tracking,False,routine support request,assistant-reviewed first pass; human audit recommended,I'm sorry you haven't received your orders yet! Please call or chat with us here for options: https://t.co/kzbViJKOhB ^MB,assistant_reviewed
284795,"What's the update, still waiting for a resolution.",general_support,True,"repeated, delayed, or formal complaint",assistant-reviewed first pass; human audit recommended,Our team is working on it. Request you to wait for an update and we'll get back soon. ^GD,assistant_reviewed
1565887,Thank you. Hopefully this movie will get added to the library soon.,subscription_membership,False,routine support request,assistant-reviewed first pass; human audit recommended,You're welcome. Do keep us posted for any further concerns. ^SG,assistant_reviewed
701316,Do I have to wait 12-24 hours for a reply to my email?,general_support,False,routine support request,assistant-reviewed first pass; human audit recommended,"For the fastest resolution, please reach out to us by phone using the link provided above. ^KP",assistant_reviewed
2394449,"It won't fit in the safe place, it's my baby's car seat!",delivery_tracking,False,routine support request,assistant-reviewed first pass; human audit recommended,You can also assign any of your neighbours to accept the parcel in your behalf to assure the delivery is successful today. Most of our carriers don't offer timed delivery so that's why we can't offer a specific delivery time frame. ^MA,assistant_reviewed
139077,yes yday and tday alsi status is same...,general_support,False,routine support request,assistant-reviewed first pass; human audit recommended,Our support team will be happy to look into this. You can connect with us here: https://t.co/R3EfhzgU8B. ^CB,assistant_reviewed
980734,moto g5s plus pe cash back offer availble hai kya using sbi credit or debit card ??,payment_billing,True,financial or refund request,assistant-reviewed first pass; human audit recommended,Yes! There is a cash back offer on using SBI card. Please click on the link for details. https://t.co/3SaY3OV0kS ^RI,assistant_reviewed
639425,One was delivered through Amazon's delivery service and the other by UPS.,delivery_tracking,False,routine support request,assistant-reviewed first pass; human audit recommended,"Gotcha- thanks for letting us know, Wade. I'd like a member of my team to check into this with you. When you have a moment, please click here: https://t.co/G2kjtpjN9k. We'll be in touch shortly after. ^BL",assistant_reviewed
1104273,Hi team can I pay partial by Gift card and Partial Amazon pay balance to pay for my order &amp; get 10% CB on the Amazon pay paid amt?,delivery_tracking,False,routine support request,assistant-reviewed first pass; human audit recommended,You can check the Terms and Conditions over here: https://t.co/NQ3tbqSdYr (2/2/) ^SC,assistant_reviewed
706863,Si eres #Prime recibes el mismo trato que si no lo eres entonces para que? yo era de Prime ya no ... https://t.co/jl4KCyzq64,subscription_membership,False,routine support request,assistant-reviewed first pass; human audit recommended,"Hola, nos comentarías, ¿tienes algún pedido pendiente de entrega? ^HC",assistant_reviewed
1190310,"Today's pickup also cancelled by your team, because of that serial number issue. Fed up with amazon https://t.co/HaiCXDUj6y",technical_issue,False,routine support request,assistant-reviewed first pass; human audit recommended,you as soon as we receive an update from them. 2/2 ^SH,assistant_reviewed
622421,"Hi, spoke to CS they said I have to return it myself usin ArrowXL. However, the phone number they gave doesn’t work. This doesn’t seem like an easy process for an item which is suppose to have ‘easy returns’",refund_return,True,financial or refund request,assistant-reviewed first pass; human audit recommended,"If you would like to review available return options using our Returns Support Centre, use the following link: https://t.co/ufcFGraDQZ ^WM",assistant_reviewed
1350246,It says ‘Not yet dispatched’ and it is 8pm local time in Berlin.,delivery_tracking,False,routine support request,assistant-reviewed first pass; human audit recommended,My colleagues will check that: https://t.co/Su5eCHNYlH I'm sorry for that :/ ^AV,assistant_reviewed
530740,"I'm still waiting on someone in management to contact me, like I was told would happen. Told it would be wI thin the hour.... 2 and half hours ago!",technical_issue,True,"repeated, delayed, or formal complaint",assistant-reviewed first pass; human audit recommended,Oh my! I'm sorry for the delay in response. I would like someone from our Social Media team to look into this for you. Please send us your information here: https://t.co/JhdxnKRokW. ^AL,assistant_reviewed
441875,Aaaaah les joies de la livraison par Amazon Logistics 🙃👌🏼,general_support,False,routine support request,assistant-reviewed first pass; human audit recommended,"Bonjour, avez-vous reçu votre commande ? ^SN",assistant_reviewed
2932833,Sold by champion toys and fulfilled by amazon,general_support,False,routine support request,assistant-reviewed first pass; human audit recommended,"Hey Ian, we can't see your account info here on Twitter. When you can, please contact us here: https://t.co/aaDyEz1VgE and we'll have a look there for you.^MA",assistant_reviewed
495946,The app notified me of the failure. Said it should be attempted tomorrow?,technical_issue,False,routine support request,assistant-reviewed first pass; human audit recommended,Thanks for letting us know. Please keep us updated on the delivery tomorrow. Orders should arrive by 21:00. ^LI,assistant_reviewed
879276,please check they told me last 8th returng mony nt get yet and after that what they are cometting to resolve but not rtrng mny bk https://t.co/ObrqTysY7n,refund_return,True,financial or refund request,assistant-reviewed first pass; human audit recommended,Apologies for the ordeal Jay. Please share your details here: https://t.co/GIJyeYqKE0 and I'll get back to you. ^HN,assistant_reviewed
825488,Yes they were. All through Amazon. There have been occasions that your delivery service has delivered to the wrong address and even stolen.,delivery_tracking,True,security or account-access concern,assistant-reviewed first pass; human audit recommended,"We'd like to look into this with you, if you'll provide us as much addt'l info as possible here: https://t.co/EOO0pt25Du ^LB",assistant_reviewed
312585,Den u guys remove all details regarding return from order history and change the product to Jon returnable. Great job fraudsters,delivery_tracking,True,security or account-access concern,assistant-reviewed first pass; human audit recommended,We've received your details and we'll get back to you soon. Appreciate your patience. ^PS,assistant_reviewed
2734296,"no i dont think you understand. when i go on that page, it doesnt show up, so even when i go on ""my order isnt showing up"" and input the order number, it says it cant find the order. so im kinda screwed",delivery_tracking,False,routine support request,assistant-reviewed first pass; human audit recommended,I'm sorry for the frustration. You can also contact us by clicking here: https://t.co/zYVX1Qi29G. All you have to do is select an issue and it will give you the option to contact us ^AY,assistant_reviewed
526619,"What is a status of my refund, it been around 20 days since I raise lots of complaint.",refund_return,True,"repeated, delayed, or formal complaint",assistant-reviewed first pass; human audit recommended,"I'm sorry your concern hasn't been resolved yet. Please reply to the email you've received from social media tea, we'll reach out to you soon. ^AP",assistant_reviewed
1261136,From Amazon Canada,general_support,False,routine support request,assistant-reviewed first pass; human audit recommended,"Has your order shipped? If so, are there any recent tracking updates from the carrier here: https://t.co/PyACxvY8Qo? ^RA",assistant_reviewed
1279779,In this link you can check this product. https://t.co/X0KyI58bEU This is available in European countries but not in India.,general_support,False,routine support request,assistant-reviewed first pass; human audit recommended,Thank you for bringing this up. I'll forward your feedback for a review &amp; our internal team will work on this. ^BS,assistant_reviewed
336148,2k18 75k vc. They gave me 2k17 code,general_support,False,routine support request,assistant-reviewed first pass; human audit recommended,What Microsoft item was the code that you were given for? ^JF,assistant_reviewed
2789069,Yes I was told it wasn’t available near me but it would be delivered by the end of the day or earlier.. This is part of the email I received which I also sent back to amazon CS https://t.co/VzxnSSntDv,delivery_tracking,False,routine support request,assistant-reviewed first pass; human audit recommended,We'd like to have a specialist take a look into this for you. Please provide details here: https://t.co/GqFbQYu2V0,assistant_reviewed
814893,Not currently,general_support,False,routine support request,assistant-reviewed first pass; human audit recommended,Who's the carrier: https://t.co/Y5jpI9gRhE? Do you see your late orders happening with a specific carrier? ^VS,assistant_reviewed
984716,I let go of better offers with other sites to buy this from you. Feel cheated! Own up!,payment_billing,True,financial or refund request,assistant-reviewed first pass; human audit recommended,Apologies for the unpleasant experience. Kindly share your details here: https://t.co/GIJyeYqKE0 and I'll contact you. ^GS,assistant_reviewed
2291147,Je m'en faire le faire de suite ! Merci à vous ! :) Très bonne soirée :),general_support,False,routine support request,assistant-reviewed first pass; human audit recommended,Je vous en prie. Très bonne soirée à vous également. ^BR,assistant_reviewed
2587346,Para hoy mismo segun la web de ASM. De hecho lleva en reparto desde las 9 am y aun no ha llegado,general_support,False,routine support request,assistant-reviewed first pass; human audit recommended,"¿podrían ayudarnos con esta entrega? Gracias. Cesar, si no recibes respuestas, avisanos. ^DA",assistant_reviewed
1285550,Placed the order via one click and it said Thursday. I placed a second one click order that said friday. email had both orders listed as fri,delivery_tracking,False,routine support request,assistant-reviewed first pass; human audit recommended,We don't have access to order details via Twitter. Let's take a look into this in real time here: https://t.co/hApLpMlfHN ^JZ,assistant_reviewed
571744,you are having some issues with your “two day” shipping #dec11isnotintwodays https://t.co/9j13RqYatE,delivery_tracking,False,routine support request,assistant-reviewed first pass; human audit recommended,"Thanks for reaching out to us! Please keep in mind Two-Day Shipping refers to the time in transit, in business days, after an order ships. You can find more info here: https://t.co/aHMHxK4NSI ^HS",assistant_reviewed
665624,I am more angry about the appalling service than I am the package being late! Right now I hate Amazon and refuse to purchase from you again!,delivery_tracking,False,routine support request,assistant-reviewed first pass; human audit recommended,"If it doesn't arrive by the end of the day, please reach out to us here: https://t.co/JzP7hlA23B We want to help! ^ZE",assistant_reviewed
382896,"Sincerely waiting pst 96hrs to get delivry,no updates on web app email sms twitterPathetic service u seem to enjng fesitivl n custmr suffers",technical_issue,False,routine support request,assistant-reviewed first pass; human audit recommended,regarding the issue. Kindly check it here: https://t.co/8DAc10S7ww and revert to it. 2/2 ^AP,assistant_reviewed
1438639,It's working now fam.,general_support,False,routine support request,assistant-reviewed first pass; human audit recommended,"Great, thanks for keeping us posted. Do let us know if there are anymore concerns. ^MS",assistant_reviewed
843388,. parcel apparently delivered this morning but haven't received it - please help,delivery_tracking,False,routine support request,assistant-reviewed first pass; human audit recommended,Sorry to hear this - please click on this link for more info on locating your delivery : https://t.co/9gIl44Xtt0 ^TD,assistant_reviewed
2789123,"please do upload LAPACHHAPI, marathi horror flick.",general_support,False,routine support request,assistant-reviewed first pass; human audit recommended,I'll share your preference as a feedback internally. ^MD,assistant_reviewed
921478,What information should you tell?,general_support,False,routine support request,assistant-reviewed first pass; human audit recommended,We can't access your Amazon account over Twitter. Kindly share your details over the secure link .^CB,assistant_reviewed
1271138,そのメールを間違って消去しちゃったんです...😭💦💦💦,general_support,False,routine support request,assistant-reviewed first pass; human audit recommended,注文確認メールを削除されたとのことでしょうか？注文に関するＥメールは、アカウントサービスのメッセージセンターからご確認いただくことができます。以下リンクからもアクセスできますのでご確認ください。https://t.co/qxvc47GM40 SM,assistant_reviewed
1049384,No sabía que podía comprar muebles como un Sillón Reclinable en 😝 https://t.co/7t9eHOmC7o,general_support,False,routine support request,assistant-reviewed first pass; human audit recommended,"¡Ves! De todo puedes encontrar, nada como un sillón cómodo para sentarte o tomar una siesta ^AR https://t.co/M6b4Y4Htx5",assistant_reviewed
1688641,Y'all stressing me out,general_support,False,routine support request,assistant-reviewed first pass; human audit recommended,I'm sorry any aggravation! We'd like to see how we can help you so please reach out here: https://t.co/hApLpMlfHN ^DD,assistant_reviewed
1771668,Nope haven't purchased anything in over 6 months which makes it more confusing?,general_support,True,"repeated, delayed, or formal complaint",assistant-reviewed first pass; human audit recommended,"Hi, do you own a Kindle, or watched a Prime Video title? It's possible to sign up via different devices in a household. ^TS",assistant_reviewed
775352,"Added new payment method (corporate card). System makes new card default 1click, no warning. Bought personal items with 1click on corp card.",payment_billing,True,financial or refund request,assistant-reviewed first pass; human audit recommended,"We'd like to take a closer look at this with you and assist directly, please reach us here: https://t.co/hApLpMlfHN ^JR",assistant_reviewed
1220827,4 Tage her und noch nicht mal versandt?! Das kenne ich anders... Außerdem könnte das Lieferdatum wenn dann auch mal neunberechnet werden https://t.co/eOCybSzu7G,general_support,False,routine support request,assistant-reviewed first pass; human audit recommended,"Hi, eine Aktualisierung des Lieferdatums erfolgt in der Regel mit dem Versand der Ware. Dein Feedback zur langen Versandvorbereitungsdauer gebe ich gerne weiter! Benötigst du bezüglich der Bestellung weitere Unterstützung? Gruß ^MI",assistant_reviewed
2285673,So the parcel has not arrived. Where do I go from here?!,delivery_tracking,False,routine support request,assistant-reviewed first pass; human audit recommended,Let's check hereto see what other options we have available: https://t.co/JzP7hlA23B ^JZ,assistant_reviewed
2287104,Melhor presente 😍😍 #kindlepaperwhite #books #ebooks #bday https://t.co/yBLsXg2ZRX,general_support,False,routine support request,assistant-reviewed first pass; human audit recommended,Oi Leticia! Ganhou hoje? Que presente lindooooooooo! Amamos o Kindle! e a leitura^ 😍📚JJ https://t.co/k2lT1iloer,assistant_reviewed
2758184,where will the sale page open for oneplus5t,general_support,False,routine support request,assistant-reviewed first pass; human audit recommended,Please stay tuned to our website here: https://t.co/iebVRGXUd2 ^RW,assistant_reviewed
130871,Customer service said they cannot provide an email address for me. It is obvious that Amazon does not care to hear about the situation. We are extremely disappointed in how this was handled. This would have been a great opportunity for a two-year-old to get confidence,technical_issue,False,routine support request,assistant-reviewed first pass; human audit recommended,I'm terribly sorry for the lack of support when you reached out to us. I'd like a member of our team to personally look into this. Please pass your order details to us here: https://t.co/G015dVIydQ ^RR,assistant_reviewed
244085,"Múltiples veces! He marcado el 01800 y llenado formularios, corrobore con banco # d tel para q me contacten y nada! No me llaman! https://t.co/Mo04OkcIkH",general_support,False,routine support request,assistant-reviewed first pass; human audit recommended,¿Enviaste los datos solicitados por los especialistas en cuentas para recuperar el acceso a tu cuenta? ^LG,assistant_reviewed
1968392,"Nay, this is on PC and I haven't done any updating",general_support,False,routine support request,assistant-reviewed first pass; human audit recommended,Hey Brent. Have you tried another browser? Please let us know if the same problem exists. ^TP,assistant_reviewed
2501953,Wondering when you purchase a gift card through your Amazon account... is that an electronic gift card (aka code) or a physical gift card?,payment_billing,True,financial or refund request,assistant-reviewed first pass; human audit recommended,Thanks for reaching out! We have both physical cards and electronic copies available. More info here: https://t.co/02CZpMyZR4 ^RA,assistant_reviewed
650106,are returns through Royal Mail free?,refund_return,True,financial or refund request,assistant-reviewed first pass; human audit recommended,Hey Alice. Were you provided with a returns label? Was the item sold via a seller or Amazon directly? Check out our returns policy here - https://t.co/KmgnUP017Z ^TP,assistant_reviewed
1311270,entre le 10 et 13 novembre en livraison rapide que j'ai changé depuis... envoyé la console le lendemain de la sortie en prioritaire c'est 👎👎,general_support,False,routine support request,assistant-reviewed first pass; human audit recommended,Merci pour ces précisions. Nous venons de répondre à votre Tweet initial.,assistant_reviewed
836513,Bullshit from 😂. Can't get more literal than this. Haha! https://t.co/Pt7OOw9XjG,technical_issue,False,routine support request,assistant-reviewed first pass; human audit recommended,"With all due respect, that's Cow shit sir. ^AB",assistant_reviewed
2918694,https://t.co/vfP6Lv9CuC,general_support,False,routine support request,assistant-reviewed first pass; human audit recommended,Is there a tracking number further down that page? The carrier's site may have more up-to-date information. ^AM,assistant_reviewed
1140840,"I opened a seller's account and closed the account 2/3 days later, $39.99 check was to be mailed to my house, still waiting.",delivery_tracking,True,"repeated, delayed, or formal complaint",assistant-reviewed first pass; human audit recommended,We'd like to look into this further with you! Please provide some additional information here: https://t.co/AxCebvbsLc ^TK,assistant_reviewed
2899684,pues no. Para mí el contacto es amazon.,general_support,False,routine support request,assistant-reviewed first pass; human audit recommended,"Comprendo, Ana. Para lograr revisar con más detalle lo que esta sucediendo, puedes contactar a nuestro departamento de Servicio al Cliente en el siguiente enlace: https://t.co/OjvUxwnzPe. ^AA",assistant_reviewed
2798264,Amazon fue mi aliado en las compras navideñas de bae✨💖 Te amo,general_support,False,routine support request,assistant-reviewed first pass; human audit recommended,¡Hola ZombieQueen! ¡Nosotros también te amamos! 😍✨ Cuéntanos ¿De cuáles productos hemos sido complices de tus compras? 😄 ^ PC https://t.co/aFIotsgSm8,assistant_reviewed
1553872,calling it “guaranteed nextday delivery” &amp; then not delivering the order for several days is false advertising! Repeatedly happens,delivery_tracking,False,routine support request,assistant-reviewed first pass; human audit recommended,I'm sorry about the frustration! We'd like to help! Do you have an active order that's running behind? ^TK,assistant_reviewed
231831,Haven't received anything from your media team and your escalation team advised me to go to police and legal to get my product,general_support,True,"repeated, delayed, or formal complaint",assistant-reviewed first pass; human audit recommended,"If you've shared the required details on the link provided earlier, you definitely must have received an update from us. ^YP",assistant_reviewed
5262,Where is No Cost Emi from on #Oneplus5t Really Disappointing,payment_billing,True,financial or refund request,assistant-reviewed first pass; human audit recommended,EMI purchases using a Bajaj Finserv Loan cards is available on select items sold by select sellers. I'll be sure to pass on your comments to the concerned team. ^NS,assistant_reviewed
1563868,"Compare to other E-commerce website like flipkart, snapdeal.... Amazon have low price. Thanks . I have purchased so many items.",payment_billing,True,financial or refund request,assistant-reviewed first pass; human audit recommended,Thank you indeed for keeping us inspired to do such great work. Happy shopping and unboxing!! ^PS,assistant_reviewed
370333,As per terms and condition once during offer period which makes me elegible. https://t.co/ed1sN50Hdv,payment_billing,True,financial or refund request,assistant-reviewed first pass; human audit recommended,We'd like to know more about this. Could you elaborate on your concern? ^HD,assistant_reviewed
319825,You people and ripped me and sold me a jiofi and now none of you are replying.Dont cheat with your customers,general_support,False,routine support request,assistant-reviewed first pass; human audit recommended,I'm sorry you feel this way. Is there anything specific we may help you with? ^SB,assistant_reviewed
2230565,my order took two days to arrive with prime and when it turned up it was damaged. whats going on?your delivery is getting worse.,delivery_tracking,True,delivery exception requiring investigation,assistant-reviewed first pass; human audit recommended,I'm sorry your shipment arrived damaged! You can check here: https://t.co/XPAQUDlTaD for replacement/refund options. ^TR,assistant_reviewed
1362471,"Und da mit #AmazonLogistics verschickt, lässt sich anhand des Status auch keine Gründe dafür ableiten. Eine mehr als schlechte Leistung!",general_support,False,routine support request,assistant-reviewed first pass; human audit recommended,Gerne schauen wir uns das im Social Media Team einmal an: https://t.co/br7bhrlJn8 ^AV,assistant_reviewed
218056,Ele era meu pai! 😍 Sdds dele... 💔,general_support,False,routine support request,assistant-reviewed first pass; human audit recommended,Parabéns Cinemaniac! Ele é um ícone e um orgulho da poesia brasileira! 🇧🇷❤️ ^JJ,assistant_reviewed
590050,"Je l'ai déjà fait. Mais je maintiens qu'il n'y a rien de logique à additionner 22 fois des frais de port pour 22 articles commandés chez la même boutique... Pour moi ça reste du vol, tout simplement.",general_support,False,routine support request,assistant-reviewed first pass; human audit recommended,Je comprends votre situation mais malheureusement un vendeur régit son expédition selon sa convenance. Avez-vous envoyé un message à ce vendeur pour voir s'il propose une autre alternative ? ^KD,assistant_reviewed
697954,"Nope, there was no reason given in the email!",general_support,False,routine support request,assistant-reviewed first pass; human audit recommended,Thank you for confirming. Who is the carrier for this package? Have you spoken to them yet by any chance? We want to help! ^SD,assistant_reviewed
434459,"No, en la web no tengo la opción de ""reclamación"" desde Mis pedidos una vez localizado el pedido",general_support,False,routine support request,assistant-reviewed first pass; human audit recommended,"Susana, puedes contactar a nuestros compañeros de Servicio al cliente, ingresando en este enlace: https://t.co/OjvUxwnzPe ^HC",assistant_reviewed
2940280,Según tracking llevan desde las 9 en el pueblo de al lado. Daba por hecho que no tendría que hacer ningún tipo de gestión...😐,delivery_tracking,False,routine support request,assistant-reviewed first pass; human audit recommended,"Entiendo, puedes contactarlos directamente a través de este enlace: https://t.co/meqnr4QIaC . ^MB",assistant_reviewed
226017,Need subs in English shows where foreign languages are used. Some shows are hard to watch.,subscription_membership,False,routine support request,assistant-reviewed first pass; human audit recommended,"Trust me, I know how that feels. I'll be sure to pass your feedback internally, thanks for sharing. ^HT",assistant_reviewed
2930153,since more than 1 month I am struggling for my refund no help from customer service LET me know if I need to file complain against payment gateway,payment_billing,True,"repeated, delayed, or formal complaint",assistant-reviewed first pass; human audit recommended,Twitter being a public platform we do not have access to your order details. Please reply to the email correspondence from our team and we'll be glad to help you. Thank you for understanding.,assistant_reviewed
38185,"após 30 min no telefone com o atendente, não resolveu nada! #indignação",general_support,False,routine support request,assistant-reviewed first pass; human audit recommended,"Olá Bruno, sinto muito. O que aconteceu? ^LG",assistant_reviewed
136183,"Cmq cara sarà pure #BlackFriday e vorrai vendere la qualsiasi ma la tua app è pessima, UX non all'altezza, stessa cosa per il tuo sito. O sai cosa stai cercando o creare filtri per modelli, prezzi, caratteristiche è un #fail",technical_issue,False,routine support request,assistant-reviewed first pass; human audit recommended,"Ciao Ben, puoi indicarci nel dettaglio quale problema hai riscontrato con la nostra App? Grazie. ^MP",assistant_reviewed
2724574,"Os he mandado un MD con una pequeña incidencia, lo podéis revisar? Gracias.",general_support,False,routine support request,assistant-reviewed first pass; human audit recommended,"Hola Eseka, espero que te encuentres bien. Hemos respondido tu consulta por MD. 😊 ^DA",assistant_reviewed
25886,Amazonのバーチャルダッシュ消せないのかな？ 寝ぼけて誤タップしたらどうするんだ💧,general_support,False,routine support request,assistant-reviewed first pass; human audit recommended,アマゾンです。バーチャルダッシュは追加・削除が可能です。こちらをご参照ください。https://t.co/NFr3UGL2Yx ET,assistant_reviewed
2388960,Why is my bank showing me you’ve charged me £13.30 three times when I only bought two items each at that price?,payment_billing,True,financial or refund request,assistant-reviewed first pass; human audit recommended,"Hello, this could be an authorization charge. Please take a look at the following link :https://t.co/SkpSInhZBN ^CR",assistant_reviewed
465740,this is seriously the conversation that I am having with a rep of yours right now. Wtf is going on with my order https://t.co/zyfZMYDub3,delivery_tracking,False,routine support request,assistant-reviewed first pass; human audit recommended,I'm sorry for trouble! We're unable to view your Amazon account or orders. IF the order has been canceled it will appear in your canceled orders here: https://t.co/1ETkuqHi83 ^LR,assistant_reviewed
1830694,Your support team is clearly saying that they can not refund my balance that is why i choose this option,refund_return,True,financial or refund request,assistant-reviewed first pass; human audit recommended,"concerns, you may write to us here: https://t.co/beaaDm0muc (2/2) ^GK",assistant_reviewed
1279797,2/2 … tells me to go to Amazon and cancel from there. It's and endless loop of frustration. https://t.co/HAMeKMkUbN,order_change,False,routine support request,assistant-reviewed first pass; human audit recommended,"I'm so sorry for the frustrating experience, Cheryl. What happens when you try to edit your payment information? ^FD",assistant_reviewed
2520605,"Yeah, didn't think that was going to happen today :T https://t.co/DOiWq5fAyp",technical_issue,False,routine support request,assistant-reviewed first pass; human audit recommended,I'm sorry about the wait! We want to help in any way. Did you receive any e-mail updates about your order here: https://t.co/KKayxdEn2h? ^SH,assistant_reviewed
989937,分厚い（＾ν＾） #中野ブロードウェイ脱出ゲーム https://t.co/XHYEJpyl9O,general_support,False,routine support request,assistant-reviewed first pass; human audit recommended,お買い上げいただき、ありがとうございます！(分厚いですね…)O o｡.(´-`*) RI,assistant_reviewed
132422,Was just going thru your stuff n I clicked it then later I saw it that you will notify,delivery_tracking,False,routine support request,assistant-reviewed first pass; human audit recommended,"In case you'd prefer to unsubscribe to the notification emails, kindly refer here: https://t.co/gSQdLwuBBD. ^AP",assistant_reviewed
1572998,also a PS4 was sat in my basket yesterday! I have never tried ordering this! Yet another con but I noticed this one before too late,delivery_tracking,False,routine support request,assistant-reviewed first pass; human audit recommended,Have you checked to see if your account is logged into another device that someone else has access to? ^DA,assistant_reviewed
2044906,It is your company's carriers. Whatever that is... It is not FedEx or UPS.,delivery_tracking,False,routine support request,assistant-reviewed first pass; human audit recommended,Thanks for the info. Our team would like to take a look into this. Please send us your details here: https://t.co/XEHJlDfbHt ^GG,assistant_reviewed
1436684,Did prime now add a $4.99 Fee on all orders on top of tipping? I pay $10 bucks on a $28 order smh :(,delivery_tracking,False,routine support request,assistant-reviewed first pass; human audit recommended,We'd love to help! During the checkout process are you selecting the option for one-hour or two-hour delivery? ^GR,assistant_reviewed
1497231,Definition of a nanosecond: the time elapsed between the delivery driver knocking on the door and writing a 'we missed you' card! 😬,delivery_tracking,False,routine support request,assistant-reviewed first pass; human audit recommended,Sorry about that Sarah- Have you a safe place set up or nominated neighbor option? ^NV,assistant_reviewed
1422375,"pathetic experience. Order of 1st sep not delivered yet. Shared all details still no trace. U guys don't bother, do u??...sucks",delivery_tracking,False,routine support request,assistant-reviewed first pass; human audit recommended,I'm sorry about the delay. Kindly share your details here: https://t.co/beaaDm0muc and we'll sort this out. ^GK,assistant_reviewed
1209026,didnt receive cashback of 1500 on the order of moto g5pls on aug 9.cn u pl confirm whn do I get,delivery_tracking,False,routine support request,assistant-reviewed first pass; human audit recommended,"Please connect with us here: https://t.co/vlvfJr4nN9, our team will reach out to you and assist. ^SA",assistant_reviewed
2907894,Can u tell me the date when the winners will be announced,general_support,False,routine support request,assistant-reviewed first pass; human audit recommended,"I get your concern about the winners list. Winners will be announced on December 30, 2017. Please stay tuned to our social platforms and website for the list of contest winners. ^SV",assistant_reviewed
1033165,"Being an exbanker and facing a credit card fraud overseas,tried how e-tailers thwart such incidences. Thanks for the quick response",payment_billing,True,security or account-access concern,assistant-reviewed first pass; human audit recommended,"Please don't provide your order details, we consider it to be personal information. Our page is visible to the public (2/2) ^BA",assistant_reviewed
77400,AINDA TEM A LUNA 😍❤️ Não posso esquecer. Tenho até foto com um cosplay dela. https://t.co/ZAhhUL9aPX,general_support,False,routine support request,assistant-reviewed first pass; human audit recommended,"Aaaaah, amamos tantoo! ❤ Queremos foto com ela também! ^DA",assistant_reviewed
158802,How to reply,general_support,False,routine support request,assistant-reviewed first pass; human audit recommended,You can reply from your registered email ID with Amazon account on which we've sent a correspondence. ^SC,assistant_reviewed
2968324,No 😭 hasta mas noche ya que deje de trabajar,general_support,False,routine support request,assistant-reviewed first pass; human audit recommended,"¡Pues entonces no tienes de qué preocuparte Mr. John, el tiempo pasa muy rápido y muy pronto estarás disfrutando de Xenoblade Chronicles 2! ¡Que lo disfrutes! 😃 ^CB",assistant_reviewed
52253,The form I filled out said that someone would call me within 12 hours. No one has rang...,general_support,False,routine support request,assistant-reviewed first pass; human audit recommended,"Hi, so that would normally be within 12 business hours, we'll be in touch soon ^AS",assistant_reviewed
2853596,"Bonsoir, en effet c'est ce que j'ai fait. Échange demandé merci :) Commande 408-2527121-7549950",order_change,False,routine support request,assistant-reviewed first pass; human audit recommended,"Parfait, pour des raisons de confidentialité veuillez supprimer le numéro de commande s'il vous plaît. ^BR",assistant_reviewed
1466051,how do I connect my Fire TV stick to Echo Plus?,technical_issue,False,routine support request,assistant-reviewed first pass; human audit recommended,Kindly reach out to us via: https://t.co/tc3VJIYzxn and select the option of devices. Our team will assist you. ^NR,assistant_reviewed
199660,Je ne peux pas. Aujourd'hui j'ai reussi a commander aux Lockers! Il y a ancore certains livres que sont pas livrables aux lockers.,general_support,False,routine support request,assistant-reviewed first pass; human audit recommended,Je suis vraiment navrée pour cela .^BR,assistant_reviewed
848127,LOCKED FROM AMAZON ACCOUNT! FRAUD IS SERIOUS - BUT NOT TO AMAZON! BEWARE FOLKS/BEEN ALMOST A BUSINESS WEEK SINCE SOMEONE,account_login,True,security or account-access concern,assistant-reviewed first pass; human audit recommended,"I'm sorry that you're unable to access your account! Have you reached out to us? If so, what information were you given? ^CN",assistant_reviewed
91303,"An item was missing from a multi-order box. The gift receipt is there, but the item isn't. Can you point me to a link where I can resolve this?",delivery_tracking,True,delivery exception requiring investigation,assistant-reviewed first pass; human audit recommended,I do apologize about the missing item! You can definitely reach out to us for further assistance here: https://t.co/hApLpMlfHN ^GP,assistant_reviewed
1565869,is it usual practice to cut off calls to customers as u av failed twice in a week to deliver prime? Very rude!!!!!,delivery_tracking,False,routine support request,assistant-reviewed first pass; human audit recommended,"I'm very sorry for the poor experience! Without including any account details, can you tell us more about what's happened? ^ZW",assistant_reviewed
539760,"Wie sieht es aus, ist die Funktion inzwischen wieder (dauerhaft!) vorhanden oder wird es Zeit das PRIME-Abo abzubestellen? Nur für ein paar Bestellungen im Jahr und um ein paar alte Schinken am PC nebenher zu schauen lohnt sich das ganze überhaupt nicht.",subscription_membership,False,routine support request,assistant-reviewed first pass; human audit recommended,"Hast du den Fire TV Stick 2. Generation (TANK)? Wenn ja, geh bitte zu den ""Einstellungen"" im Menü und öffne ""Töne und Bildschirm"". Unter ""Bildschirm"" &gt; ""Bildschirm kalibrieren"" bzw. ""Bildschirm""/""Bild"" kannst du unter den Optionen ""Zoom"", ""Overscan"", etc. wählen. ^LN",assistant_reviewed
1602578,The difference amount.. on which it was available at different market place and on which it's available now.. difference is 215 ruppes.. https://t.co/HbYyR9gFRG,general_support,False,routine support request,assistant-reviewed first pass; human audit recommended,share your details from the link here: https://t.co/beaaDm0muc to assist you accordingly. (2/2)^HR,assistant_reviewed
99940,Yes I did. And no you weren’t. The telephone service was appealing. The first agent hung up and the second wasn’t able to give me any date at all. Really not good.,technical_issue,False,routine support request,assistant-reviewed first pass; human audit recommended,"Has your item been dispatched? If so, are there any tracking details listed here: https://t.co/aaDyEz1VgE? Does this link provide you with an updated delivery date? ^RA",assistant_reviewed
130747,1/ Are you guys leaking email ids of user who applied for Amazon BTS offer?My bro got this spam email: http://t.co/6YtfYm0aLN,payment_billing,True,financial or refund request,assistant-reviewed first pass; human audit recommended,Our customers' security is our utmost important concern &amp; we take all necessary steps to safe guard their info. I assure you. ^AN,assistant_reviewed
1116202,why do you pack like this? Can't believe you don't have a smaller box. #waste https://t.co/BizSM1XL3a,technical_issue,False,routine support request,assistant-reviewed first pass; human audit recommended,"Oh, I'm sorry Alice! Please leave feedback here to help us improve: https://t.co/fxgZ6hTrFA ^AT",assistant_reviewed
1556276,Wtf Hey no one attempt any delivery for my product... But your app shows it.. I m prime member but still 4 days 2 deliver prodct https://t.co/dRRzLLqaci,delivery_tracking,False,routine support request,assistant-reviewed first pass; human audit recommended,I'm sorry for the delivery delay. Please get in touch with us via https://t.co/TxK11znixD and we'll look into this for you. ^AM,assistant_reviewed
2288170,Can you please help me get the contact of the person who attempted a delivery of my order? Would appreciate highly if I get it asap #Amazon,delivery_tracking,False,routine support request,assistant-reviewed first pass; human audit recommended,We'll not be able to check your information here. Please reach our support team through the link here: https://t.co/rS49hgaADF so that we can assist you accordingly. ^SC,assistant_reviewed
231777,https://t.co/LI2WoXC5Ju,general_support,False,routine support request,assistant-reviewed first pass; human audit recommended,I'm sorry for the unpleasant experience. Please provide your details here: https://t.co/GIJyeYqKE0 and we'll look into it. ^SB,assistant_reviewed
2310965,delivery service needs to learn the difference between Sacramento and West Sacramento.,delivery_tracking,False,routine support request,assistant-reviewed first pass; human audit recommended,I'm sorry for any inconvenience! Have we missed the delivery date stated in your confirmation e-mail: https://t.co/L9Xapf1v25? ^GM,assistant_reviewed
2061334,Lost in the mail my ass. Where’s my ed hardy shirt at ????,general_support,False,routine support request,assistant-reviewed first pass; human audit recommended,I'm sorry if your order has been lost. Get in touch with us here to look into available options: https://t.co/DUWLVFJ085 ^CL,assistant_reviewed
2374505,"Order damaged in transit and I already spent 45 minutes on the phone today to try and have everything reordered properly and expedited as it should have all already arrived. Very frustrated, still not done.",delivery_tracking,True,delivery exception requiring investigation,assistant-reviewed first pass; human audit recommended,"I'm so sorry for the poor experience you've recently had with us. We'd love to help! For further clarification, what options were provided when you previously spoke with us? ^VB",assistant_reviewed
1602344,Fate/Zeroが見たくてAmazonプライムに登録した 画質はそこそこ良いね〜,general_support,False,routine support request,assistant-reviewed first pass; human audit recommended,プライムのご登録、ありがとうございますm(*-ω-)m これからもお客様にお喜びいただけるようなコンテンツをたくさん提供できるようがんばります！どうぞお楽しみください～♪ RI,assistant_reviewed
583548,"Warum haben eigentlich so viele Filme bei keine Untertitel zur Auswahl? Anime-Filme mit japanischer Synchro aber ohne Untertitel anzubieten, ist schlichtweg sinnlos....nur so als Beispiel.😔",subscription_membership,False,routine support request,assistant-reviewed first pass; human audit recommended,"Hi, danke für dein Feedback, gerne gebe ich deinen Wunsch weiter. Um welche Filme handelt es sich denn genau? Liebe Grüße ^AK",assistant_reviewed
2008289,I have and was told somebody would be in touch with me...in several days.,general_support,False,routine support request,assistant-reviewed first pass; human audit recommended,We'd like another chance to look into this with you! Please reach out to us using the link provided by ^WJ! ^ME,assistant_reviewed
2290297,"I wanted to buy those products, but now I m scared to do online transection, can you please suggest some other ways to buy those products.",general_support,False,routine support request,assistant-reviewed first pass; human audit recommended,"If your pin code is eligible for cash on delivery, you may choose cash on delivery and pay when the product is delivered to you. ^VH",assistant_reviewed
1513382,"Wofür bezahle ich eigentlich Amazon Prime, wenn meine Bestellung doch nicht pünktlich ankommt? https://t.co/rO098Z3XWk",subscription_membership,False,routine support request,assistant-reviewed first pass; human audit recommended,"Wenn sich eine Lieferung verzögert, melde die Bestellung bitte direkt über folgenden Link: https://t.co/ohyvGrpvrY ^SI",assistant_reviewed
109968,"From I could barely understand they *might* send a replacement but I need to pay postage then claim it back - really? How that is helping me I don’t know. I’m really done filling in forms, phoning and your awful deliveries - stop throwing over the fence!",delivery_tracking,False,routine support request,assistant-reviewed first pass; human audit recommended,"I'm sorry for the frustration! To clarify, was your product fulfilled by a third-party seller or us? ^AR",assistant_reviewed
2760272,Amazonプライムに登録してこよ,general_support,False,routine support request,assistant-reviewed first pass; human audit recommended,Amazonプライムへのご登録ありがとうございます！特典を記載させていただきますので、是非、色々ご利用くださいませ。ご不明な点がありましたら、ご遠慮なくお知らせください。https://t.co/lFjGMcLqF8 ET https://t.co/HubU7g5ymw,assistant_reviewed
222868,But didn't get the mobile https://t.co/WFYp4vokC6,general_support,False,routine support request,assistant-reviewed first pass; human audit recommended,This offer is inaccurate. Please refer to genuine offers only on Amazon.in. ^SP,assistant_reviewed
2529964,Depost ist als Transportdienst angegeben nur um wie viel Uhr würde es kommen,general_support,False,routine support request,assistant-reviewed first pass; human audit recommended,Die Sendung sollte dir über deine normale Briefpost zugestellt werden. Kommt jetzt auf deinen Postboten an 😉 ^TR,assistant_reviewed
74564,Llevo desde el lunes esperando un pedido Premium de y por vuestra incompetencia hoy Jueves aun no lo tengo. Soy de Elche y no me cogen el telefono,payment_billing,True,financial or refund request,assistant-reviewed first pass; human audit recommended,"Hola Miguel, sentimos las molestias. El producto, ¿fue vendido y gestionado por Amazon o fue vendido por un vendedor externo? ^DA",assistant_reviewed
253972,"But in #LG webite, the #MRP is ₹49990, but you're having high #MRP 🤔🤔 #AmazonGreatIndianFestival #Amazon #Flipkart https://t.co/DhStOwc3xn",general_support,False,routine support request,assistant-reviewed first pass; human audit recommended,price they feel is fair. The prices may between sellers. More details on pricing here: https://t.co/fQqgXYsH4K. 2/2 ^KS,assistant_reviewed
2144415,Topgearのほとんどが見れるだけで、Amazonプライム会員になる価値はあるな。,general_support,False,routine support request,assistant-reviewed first pass; human audit recommended,"いつもAmazonをご利用いただきありがとうございます。 お楽しみいただけて嬉しいです(*'ω'*) プライム会員特典 :""トップ ギア"" ＞https://t.co/MMHqiPl1S4 MH",assistant_reviewed
2853780,I am a Prime member yet this is the kind of service I get. I was supposed to get the cashback by 28th Sep 2017 and today is 28th Nov 2017 still no good.,payment_billing,True,financial or refund request,assistant-reviewed first pass; human audit recommended,"I'm sorry about the discrepancy with the cash back, write to us using the link shared above &amp; we'll make things right. ^MJ",assistant_reviewed
2154110,Can you respond to sort this. I've sent a dm but am getting very annoyed about now wast9ng all afternoon on this saga caused by Amazon and it's representatives. Its a simple solution but seems impossible to be sorted by Amazon!!,general_support,False,routine support request,assistant-reviewed first pass; human audit recommended,"We don't have access to your account on Twitter. For immediate assistance, use the phone or chat feature by clicking on this link: https://t.co/qy3J24VGxb ^AF",assistant_reviewed
1260181,I shared all details in this link plz help,general_support,False,routine support request,assistant-reviewed first pass; human audit recommended,"We've not received your details yet. Kindly share them through the secure link again, we'll get back to you. ^AP",assistant_reviewed
537561,24-48 hours more to wait. Already 72 hours had been escalated. I'll wait a day more before taking any legal action against you. https://t.co/qmiuUZAV1b,delivery_tracking,True,"repeated, delayed, or formal complaint",assistant-reviewed first pass; human audit recommended,"I would request you to write back to the correspondence e-mail, if you have any queries as this issue is being looked into. You would be updated as soon as we have any updates. ^KK",assistant_reviewed
152006,always enjoyed your service. But this time it’s been terrible waiting for a month and still expecting the order !!! #AmazonGiveaway #Amazon https://t.co/7JUdnITnli,delivery_tracking,True,"repeated, delayed, or formal complaint",assistant-reviewed first pass; human audit recommended,"All the orders are shipped and mapped for the delivery based on the estimates provided during checkout. This also differs on various factors like your shipping address, &amp; the Fulfillment Centre its shipped from. Your order should be delivered as per the estimates. ^GD",assistant_reviewed
1268958,any response? https://t.co/un6jTndC03,general_support,False,routine support request,assistant-reviewed first pass; human audit recommended,Hi Laura- Were you able to get in touch via the link we provided? ^NV,assistant_reviewed
394547,I hate it when customer representatives don't read what I write to them.,general_support,False,routine support request,assistant-reviewed first pass; human audit recommended,So sorry for this! We'd love to help. Who's the carrier listed for this package? Let us know! ^VB,assistant_reviewed
573952,"Let's say I want to add a new address which is saved in some other app. I go to the add address page and fill some data. I switch to the other app and copy some content and when I try to paste it to Amazon address form, the data filled previously gets reset.",technical_issue,False,routine support request,assistant-reviewed first pass; human audit recommended,I've checked and seen the app is working fine in adding the address and the data doesn't reset. Please try using the app after uninstalling and reinstalling the app. ^AP,assistant_reviewed
2603127,"Oui mais à part la même réponse que j’ai reçu dans le mail ce matin, pas d’avancer.",general_support,False,routine support request,assistant-reviewed first pass; human audit recommended,Je vous invite à patienter. Vous recevrez un e-mail lorsque nous aurons une date estimée.,assistant_reviewed
1912754,thank you for super fast much even faster and sooner than expected in tact awesome delivery!!,delivery_tracking,False,routine support request,assistant-reviewed first pass; human audit recommended,We appreciate your kind words. Thanks for keeping us posted. ^CB,assistant_reviewed
2927686,Hi everyone .. save you hardearned money from and,general_support,False,routine support request,assistant-reviewed first pass; human audit recommended,That's quite a remark. I would like to help! May I know what went wrong? ^HR,assistant_reviewed
2383338,アマゾンプライムで映画けいおんとたまこラブストーリー見れるのいい,general_support,False,routine support request,assistant-reviewed first pass; human audit recommended,お喜びいただけて、何よりです(*^o^*) 色々なコンテンツをご準備しておりますので、是非存分にお楽しみください♪TY,assistant_reviewed
352894,"Hello there. Mr. Robot 🤖, stage 3, execution date? P. S. init 1",general_support,False,routine support request,assistant-reviewed first pass; human audit recommended,We don't have any announcement yet. We’re constantly adding new content to our library. We will let you know when these episodes are available. Stay tuned to our website. ^JS,assistant_reviewed
2756062,わざわざありがとうございます！明日が発売日ですがまだお支払い番号等が分かっておりません。明日にはわかるのでしょうか？,general_support,False,routine support request,assistant-reviewed first pass; human audit recommended,お支払い番号は、商品が出荷準備に入り次第発行されます。 恐れ入りますが、ご注文履歴の画面でご案内している発送予定日近くの発行をお待ちいただければと存じます。 YM,assistant_reviewed
1547583,Its you Amazon EU S.a.r.L.,general_support,False,routine support request,assistant-reviewed first pass; human audit recommended,"As we're unable to view your account via Twitter,pls contact here again:https://t.co/JzP7hlA23B so we can look into this.^KM",assistant_reviewed
755046,#amazonlooser tired and got irritated. Got a reply that they cant help me. Such a pathetic service of yours. #getlost,general_support,False,routine support request,assistant-reviewed first pass; human audit recommended,"Sorry to know that. I'd like to take a closer look into this, please share your details here: https://t.co/GIJyeYqKE0. ^PS",assistant_reviewed
1205219,"Emailed you two weeks ago about problems linking my Amazon Prime, but no reply. Can you help me?",technical_issue,True,"repeated, delayed, or formal complaint",assistant-reviewed first pass; human audit recommended,"Hi, sorry to hear that! Please contact us here and select phone: https://t.co/hApLpMlfHN ^AT",assistant_reviewed
1772326,That link doesn’t lead to me any one to contact. Just the normal prime now page,subscription_membership,False,routine support request,assistant-reviewed first pass; human audit recommended,"Once you enter your zip code and log in, it will give you the option to call or email customer service. ^FJ",assistant_reviewed
1761388,Happens every time I get a message saying out for delivery and the package doesn't arrive... improve ur service https://t.co/OFQphYFLIt,delivery_tracking,False,routine support request,assistant-reviewed first pass; human audit recommended,"I'll reach and assist you, once we receive your details. Please do keep us posted for any further assistance. (2/2) ^SV",assistant_reviewed
311009,"I'm already in touch with customer service from 24th September, but till date they didn't provide any solution.",general_support,False,routine support request,assistant-reviewed first pass; human audit recommended,We're sorry to hear this. Please fill the details using the link provided earlier by 'VM' so we could assist on priority. ^RS,assistant_reviewed
442759,"Gracias! Uno de ellos, ha llegado hoy. Desde Sevilla a Tarragona, con matasellos del 3 de noviembre. Gracias 👏 20 días...",general_support,False,routine support request,assistant-reviewed first pass; human audit recommended,"Mònica, sentimos las molestias. Por favor, mantennos informados de la entrega del otro pedido. ^DA",assistant_reviewed
1399278,please help :),general_support,False,routine support request,assistant-reviewed first pass; human audit recommended,I'm sorry for the delay! Please reach out to us via phone/chat here: https://t.co/hApLpMlfHN and we can help! ^TK,assistant_reviewed
588780,help I can't connect the echo dot to my wifi try everything!!!,technical_issue,False,routine support request,assistant-reviewed first pass; human audit recommended,Oh no! I'm sorry for the troubles with connecting your Echo Dot to Wi-Fi! Have you tried these helpful steps: https://t.co/iBoNXMTaSD? ^AB,assistant_reviewed
374528,no :-( got delayed and now the estimate is anytime until wednesday sadly,general_support,False,routine support request,assistant-reviewed first pass; human audit recommended,I can understand why you'd be upset! Who's the carrier for your order listed here: https://t.co/Y5jpI9gRhE ^HC,assistant_reviewed
2787719,¿Han venido los Reyes? #autoregalos #lalocadelasgafasdesol 🙃🙂🙃🙂 https://t.co/xELMY5LsAf,general_support,False,routine support request,assistant-reviewed first pass; human audit recommended,"¡Hola, Laura! Las gafas están divinas 😍 ¿Qué te parecen las nuestras? 😎 ^LC https://t.co/oIViBQ7pdL",assistant_reviewed
1628964,I thought amazon prime delivery was good ? So it doesn’t get delivered when told it will be ?,delivery_tracking,False,routine support request,assistant-reviewed first pass; human audit recommended,"Hi, what's your parcel status here: https://t.co/BQmcNXViiI What delivery date is in your order confirmation email? ^TS",assistant_reviewed
1638822,Worst day ever . And $40 worth of stuff not delivered. https://t.co/MRQPO7e5eX,delivery_tracking,False,routine support request,assistant-reviewed first pass; human audit recommended,"Oh goodness! I'm so sorry for this experience. Please allow us to look into this further, here: https://t.co/hApLpMlfHN ^AB",assistant_reviewed
461203,無事対応していただけました。乗っ取りのようで、勝手に注文されていました。ありがとうございます、、,general_support,False,routine support request,assistant-reviewed first pass; human audit recommended,とんでもないことでございます。カスタマーサービスは24時間対応しておりますので、またご不明な点などございましたら、お知らせください。ET,assistant_reviewed
760402,は？Amazonで配達できなかったから返金しますって商品届いたんだけど？他のとこで買っちゃったし困るが,general_support,False,routine support request,assistant-reviewed first pass; human audit recommended,ご迷惑をおかけしております。ご投稿の問題につきましては、カスタマーサービスにて詳細を確認のうえご案内させていただきます。お手数をおかけいたしますが、よろしければ、以下リンクよりお問い合わせください。https://t.co/J6YEizo6qC SM,assistant_reviewed
74635,"buenas segun la app se me ha entregado un pedido y ya se me ha cobrado pero a mi no me ha llegado nada, donde puedo reclamar??",technical_issue,False,routine support request,assistant-reviewed first pass; human audit recommended,"Buenas Asier, lamentamos el inconveniente. ¿Has podido entrar en contacto por teléfono con el transportista encargado de realizar la entrega para verificar la información? ^DA",assistant_reviewed
133696,I just filled out the form and sent it,general_support,False,routine support request,assistant-reviewed first pass; human audit recommended,"Thank you for the heads up, Sanjay. We've received your details and our team is currently working on this. You'd receive an update anytime soon. Appreciate your patience. ^EM",assistant_reviewed
2874987,USPS Tracking ID 936128__credit_card__,delivery_tracking,False,routine support request,assistant-reviewed first pass; human audit recommended,"Thanks for the update. If you have a moment, please reach us by chat or phone here: https://t.co/hApLpMlfHN to check available option for you. ^LH",assistant_reviewed
93558,Dieser Zwinker Smiley triggert mich hart *böse mit den Armen wirbel* xD,general_support,False,routine support request,assistant-reviewed first pass; human audit recommended,Oh.. Wieso denn? :( Schaut das jetzt besser aus? 😉 ^LN,assistant_reviewed
137155,Hi Just buy 5T from using Debit card. But did not get the instant discount of INR 1500.00 Please help me out with this... https://t.co/nJLc1EvR1Z,payment_billing,True,financial or refund request,assistant-reviewed first pass; human audit recommended,"Sorry about the trouble with your cash-back. Did you happen to reach out to us here: https://t.co/vlvfJr4nN9 yet? If not, please do and we'll check this out for you. Do keep us posted with the link provided for further assistance. ^PB",assistant_reviewed
2490612,service is simply out of this world. Such a phenomenal experience. They just agreed to refund a pair of headphones that I bought 1.5 years ago. There is absolutely 0% chance I'm buying anything online outside Amazon.,refund_return,True,financial or refund request,assistant-reviewed first pass; human audit recommended,Hello Avi! Thank you for your comment. We are glad that you are happy with our service. Best regards!😃🎊 ^AA,assistant_reviewed
512409,コンビニに配送のサービスアマゾンになかったっけ,general_support,False,routine support request,assistant-reviewed first pass; human audit recommended,失礼いたします、Amazonです。 Amazonが発送する店頭受取対象の商品では、コンビニでのお受け取りが可能です。 詳しくはこちら＞https://t.co/at8Q9bVtaH MH,assistant_reviewed
440472,"que pensez vous de ce délais, est ce normal ?",general_support,False,routine support request,assistant-reviewed first pass; human audit recommended,"N'ayant pas accès à votre compte via Twitter, je vous prie de contacter notre SAV via ce lien: https://t.co/hgIrz98cdI. ^MA",assistant_reviewed
2841839,"Grazie mille!! Quindi adesso non sarà più illimitato ma massimo 100 GB? 100GB di foto, video e file compresi?",general_support,False,routine support request,assistant-reviewed first pass; human audit recommended,Per tutte le informazioni sullo spazio di archiviazione clicca qui: https://t.co/nz4fzupqil. A presto! ^GA,assistant_reviewed
1489441,So if a preorder doesn't show there it's not gone through? Ta,delivery_tracking,False,routine support request,assistant-reviewed first pass; human audit recommended,"A successful pre-order it will be visible in your orders.Also, you will receive an email directly after the order is placed.^CR",assistant_reviewed
331954,"Jusqu’à samedi 21h, vous m’indiquiez livraison samedi avant 20h et après la livraison est passée au 11 octobre... une belle arnaque !! 👍🏻",general_support,False,routine support request,assistant-reviewed first pass; human audit recommended,"Bonjour, je suis sincèrement navrée d'apprendre cela. L'avez-vous signalé à notre SAV s'il vous plaît? ^SA",assistant_reviewed
2278294,how can you cancel my order without telling me? Now my boyfriend doesn't get birthday gifts,delivery_tracking,False,routine support request,assistant-reviewed first pass; human audit recommended,"I'm sorry your order got cancelled, Joelle! Did you receive a cancellation notification here: https://t.co/LFEfCJu2Vv ? ^LB",assistant_reviewed
2208558,Or my replacement purchase free . This is RIDICULOUS .,refund_return,True,financial or refund request,assistant-reviewed first pass; human audit recommended,"Sorry to hear of this experience! Without personal/accountt info, can you tell us a bit more about what's happened? ^JE",assistant_reviewed
811590,"Sorted, didn't quite check all my numbers, and an automated email was sent in error for an item delivered already. Panic over ☺️",delivery_tracking,False,routine support request,assistant-reviewed first pass; human audit recommended,"Shew! Glad to hear! We're always here to help, so never hesitate to reach out! 😁 ^KN",assistant_reviewed
2718516,Kindly go through my order no. I hope you are Technical smart.,delivery_tracking,False,routine support request,assistant-reviewed first pass; human audit recommended,"As informed earlier, since Twitter is a social media platform we'd not be able to check or access your account details. Kindly drop in your information through the link provided earlier and we'll have this checked right away. Appreciate your understanding. ^EM",assistant_reviewed
1095101,Vosotros https://t.co/yald8Vg4wi,general_support,False,routine support request,assistant-reviewed first pass; human audit recommended,"En ese caso, puedes verificar las opciones de devolución disponibles en este enlace: https://t.co/31K7Fo1xNI. ^KS",assistant_reviewed
1666040,"Check the details with mobile number 8430301778, ABHINAV Saxena",general_support,False,routine support request,assistant-reviewed first pass; human audit recommended,"Please don't provide your details, we consider it to be personal information. Our page is visible to the public. ^SM (2/2)",assistant_reviewed
586872,"Second time this has happened, first time on a Sunday. Other time was during the week and the package was left in front of the garage.",delivery_tracking,False,routine support request,assistant-reviewed first pass; human audit recommended,Who's the carrier for your order? You can find this information here: https://t.co/Y5jpI9gRhE ^AN,assistant_reviewed
1953308,Yeah I have done and mostly gets delivered to the neighbour but I'm the evening to be left outside it's dumb. Not the first time it's happened,delivery_tracking,False,routine support request,assistant-reviewed first pass; human audit recommended,"I am sorry to hear this, can I ask who was the carrier that delivered this order please? You can find this info here: https://t.co/aaDyEz1VgE. Thanks. ^GA",assistant_reviewed
